공고종목,지역,발주기관,기초금액(원),추정가격(원),낙찰하한율(%),예정가격(원),예가/기초(%),낙찰하한가(원),투찰/기초(%),A값(원),순공사원가(원),복수예비가_1,복수예비가_2,복수예비가_3,복수예비가_4,투찰율(%),기초대비(%),업체사정율(%),투찰금액(원)
"석면해체,비계구조[대]",충남,충청남도 서산시,95557000,86870000,87.745,96067550,100.5342,84294472,88.213,,,94643500,96187700,97062100,96376900,87.7702,88.2392,100.5632,84318770
비계구조[대],충남,충청남도 서산시,195206000,177460000,87.745,193941100,99.352,170173619,87.176,,,192693700,191288300,200228700,191553700,87.932,87.3622,99.5637,170536360
석면해체,충남,충청남도서산교육지원청,330160000,300145455,87.745,327158075,99.0907,289429183,87.663,19292779.0,0,327386700,327835700,331896700,321513200,87.7527,87.6705,99.0989,289453030
석면해체,충남,충청남도서산교육지원청,108907000,99006363,87.745,107980225,99.149,94747249,86.998,,,107924700,108420200,109207600,106368400,88.1837,87.4333,99.6447,95221000
석면해체,충남,공주대학교,198836000,180760000,87.745,196712975,98.9322,172605800,86.808,,,195899200,199019000,195050200,196883500,87.8377,86.8998,99.0368,172788178
석면해체,충남,충청남도천안교육지원청,335143000,304675455,87.745,334736700,99.8787,296046976,88.334,19031076.0,0,328999900,344158400,332230700,333557800,87.786,88.3732,99.9228,296176700
석면해체,충남,충청남도태안교육지원청,484011000,440010000,87.745,483884000,99.9737,427969273,88.421,27623474.0,0,474403400,477931900,494112400,489088300,87.8023,88.4754,100.0353,428231000
석면해체,충남,충청남도교육청 아산고등학교,315921000,287200909,87.745,310840250,98.3917,274718642,86.958,16090283.0,0,308711700,313526400,314012900,307110000,87.9592,87.1578,98.6195,275350000
석면해체,충남,충청남도논산계룡교육지원청,258040000,234581819,87.745,254603600,98.6682,225207218,87.276,14731036.0,0,261363600,254548800,251622600,250879400,87.8518,87.3754,98.7815,225463593
석면해체,충남,충청남도서산교육지원청,228394000,207630909,87.745,229730125,100.585,203229499,88.981,13486741.0,0,223220900,228652100,235067700,231979800,87.9431,89.1695,100.7988,203657946
석면해체,충남,국군재정관리단,49364742,45869885,87.745,49583767,100.4436,43507277,88.134,,,48636172,49364742,50107441,50226716,87.0022,87.3882,100.4624,43515420
석면해체,충남,충청남도보령교육지원청,222230000,202027273,87.745,224578475,101.0567,198638474,89.384,12909757.0,0,221418900,222561200,226870200,227463600,87.8021,89.4386,101.1188,198759420
석면해체,충남,충청남도서산교육지원청,210456000,191323636,87.745,208787125,99.207,184739812,87.78,12562614.0,0,209159600,207130800,206505800,212352300,87.7468,87.7824,99.2089,184743400
석면해체,충남,공주대학교,121759000,110690000,87.745,122738600,100.8045,107696985,88.45,,,120767900,122840300,123925100,123421100,87.7629,88.469,100.8251,107719000
석면해체,충남,충청남도천안교육지원청,272137000,247397273,87.745,268141400,98.5317,237282971,87.192,16338633.0,0,265690100,266767800,275623100,264484600,87.8538,87.2931,98.6465,237557000
석면해체,충남,충청남도천안교육지원청,602500000,547727273,87.745,602885650,100.064,533393499,88.53,35834234.0,0,594673600,620087000,599204400,597577600,87.7999,88.5818,100.123,533705370
석면해체,충남,충청남도서산교육지원청,298458000,271325454,87.745,299618300,100.3887,265023018,88.797,17323056.0,0,306862600,302379800,298628200,290602600,87.7455,88.7979,100.3893,265024440
석면해체,충남,충청남도보령교육지원청,299787000,272533636,87.745,300888775,100.3675,266163156,88.784,17529985.0,0,308034200,304310800,293278700,297931400,87.7596,88.7978,100.3832,266204560
석면해체,충남,충청남도천안교육지원청,373599000,339635455,87.745,372057925,99.5875,329162436,88.105,22033530.0,0,381280200,363482000,372425900,371043600,87.7761,88.1349,99.6207,329271478
석면해체,충남,충청남도보령교육지원청,295291000,268446364,87.745,295075475,99.927,261068054,88.41,17577132.0,0,298400500,291047700,289072200,301781500,87.7461,88.4115,99.9282,261071300
석면해체,충남,제32보병사단,31273000,28430000,87.745,30927420,98.8949,27137265,86.775,,,30727266,30855639,30892908,31233867,87.7525,86.7828,98.9035,27139610
석면해체,전국,국군재정관리단,2417316666,2241511818,86.745,2415328413,99.9177,2117091735,87.58,165334612.0,2121215363,2380555730,2405961470,2433443650,2441352805,86.7481,87.5831,99.9211,2117162000
석면해체,충남,충청남도천안교육지원청,246084000,223712728,87.745,246507925,100.1722,218085291,88.622,14581082.0,0,245109600,252164800,240020500,248736800,87.7521,88.629,100.1799,218101950
석면해체,충남,충청남도천안교육지원청,327510000,297736364,87.745,329288425,100.543,291203870,88.914,18520941.0,0,325869200,335245800,326337600,329701100,87.7797,88.9475,100.5806,291312007
석면해체,충남,충청남도천안교육지원청,212471000,193155455,87.745,212301575,99.9202,187823044,88.399,12558352.0,0,206141500,212660100,212218200,218186500,87.7474,88.4016,99.9228,187827900
석면해체,충남,국방부계룡대근무지원단,40800000,37139090,87.745,37139090,100.5683,41031871,88.243,,,40185255,40800000,41526229,41616000,87.7495,88.2482,100.5735,36005300
석면해체,충남,충청남도천안교육지원청,322564000,293240000,87.745,323197100,100.1962,285920366,88.639,19021383.0,0,314854800,322544700,330960400,324428500,87.7599,88.6539,100.2123,285965800
석면해체,충남,충청남도천안교육지원청,366636000,333305455,87.745,366851450,100.0587,324454935,88.495,20898651.0,0,371952300,365242800,373176800,357033900,87.7832,88.5312,100.0999,324587272
석면해체,충남,충청남도서산교육지원청,371500000,337727272,87.745,369251525,99.3947,326704970,87.942,22074410.0,0,368279100,364612400,382541000,361573600,87.7594,87.9555,99.4101,326755000
석면해체,충남,충청남도천안교육지원청,381293000,346630000,87.745,387323175,101.5815,342591837,89.85,22318370.0,0,389654800,392346700,388244000,379047200,87.7464,89.8513,101.583,342597000
석면해체,충남,충청남도천안교육지원청,351395000,319450000,87.745,346555450,98.6227,306671467,87.272,21104746.0,0,342047900,346566900,349423700,348183300,87.83,87.3513,98.7124,306948160
비계구조[대],충남,충청남도논산계룡교육지원청,350106000,318278182,87.745,350039525,99.981,310208365,88.604,25019859.0,0,343979200,349195800,358347500,348635600,87.7499,88.6087,99.9863,310224607
석면해체,충남,국군재정관리단,100405882,93103636,87.745,100336397,99.9307,88040172,87.684,,,98896450,99714344,101077925,101656872,87.7453,87.6846,99.9311,88040520
석면해체,충남,충청남도교육청 예산고등학교,183920000,167200000,87.745,184495275,100.3127,163000635,88.625,9100411.0,0,184341200,182240900,188006800,183392200,87.7458,88.6266,100.3136,163002100
석면해체,충남,충청남도교육청 호서고등학교,362910000,329918182,87.745,362957250,100.013,320718477,88.374,18291612.0,0,363069700,364594000,357437400,366727900,87.7629,88.3911,100.0324,320780190
석면해체,충남,충청남도예산교육지원청,192976000,175432728,87.745,194575825,100.829,172114418,89.189,11292208.0,0,192815900,190355400,196868400,198263600,87.7851,89.2276,100.8724,172188000
석면해체,충남,충청남도천안교육지원청,228906000,208096364,87.745,226445325,98.925,200392211,87.543,13853614.0,0,230744200,223716800,224179100,227141200,87.7598,87.5572,98.9406,200423688
비계구조[대],충남,국방부계룡대근무지원단,21200000,19286363,87.745,21100873,99.5324,18514962,87.334,,,20935575,21001486,21114498,21351934,87.7465,87.3362,99.5341,18515290
석면해체,충남,국방부계룡대근무지원단,2670000,2429090,87.745,2673110,100.1164,2345521,87.847,,,2644588,2670000,2681153,2696699,87.7629,87.8651,100.1369,2346000
석면해체,충남,국방출판지원단,110498920,102503636,87.745,110679050,100.163,97963971,88.656,6924835.0,96994955,110047835,110284402,110498920,111885044,87.7554,88.6658,100.1741,97974800
석면해체,충남,충청남도 공주시,218934000,199030910,87.745,219819600,100.4045,194444710,88.814,12762147.0,0,214437100,220232300,221707900,222901100,87.7647,88.8329,100.4258,194485617
석면해체,전국,서울특별시교육청 영락고등학교,789100000,717363637,87.745,788099850,99.8732,696581098,88.275,41312807.0,593851756,783947200,798987500,782542600,786922100,87.7473,88.2776,99.8757,696598720
석면해체,충남,육군훈련소,479304260,435731145,86.745,476244424,99.3616,417506300,87.106,33105050.0,416352046,469718175,473446365,479304260,482508896,86.7631,87.1235,99.381,417586930
석면해체,충남,충청남도교육청 태안여자고등학교,130778000,118889092,87.745,128271350,98.0832,112551697,86.063,,,127226100,127593600,127975500,130290200,88.4199,86.7251,98.8377,113417411
석면해체,충남,공주대학교,59697000,54270000,87.745,59381550,99.4715,52104342,87.281,,,58634400,60726200,59494100,58671500,87.7461,87.2824,99.4728,52105000
석면해체,충남,국방부계룡대근무지원단,11080000,10074545,87.745,11093926,100.1256,9734366,87.855,,,10973399,11060809,11156910,11184589,87.7487,87.859,100.1299,9734780
"석면해체,비계구조[대]",충남,충청남도 서산시,35980000,32709633,87.745,35625825,99.0156,31259881,86.881,,,35685400,35402200,35025100,36390600,87.7481,86.8843,99.0191,31261000
석면해체,충남,제32보병사단,81368180,73971072,87.745,80389805,98.7975,70538035,86.689,,,79956825,80165618,80381913,81054865,87.7462,86.6911,98.7989,70539000
석면해체,충남,충청남도교육청 보령정심학교,200673000,182430000,87.745,202279950,100.8007,178947585,89.173,11889372.0,0,200362000,197337900,206687200,204732700,87.7915,89.2179,100.8511,179036300
"석면해체,비계구조[대]",충남,충청남도 서산시,41056000,37324108,87.745,41029150,99.9346,36001028,87.687,,,41214100,40688600,42194100,40019800,87.8024,87.745,100.0,36024588
석면해체,충남,공주대학교,77187000,70170000,87.745,76604475,99.2453,67216597,87.082,,,76675300,77505800,76407500,75829300,87.8025,87.1399,99.3104,67260683
비계구조[대],충남,국방출판지원단,2786520,2584900,87.745,2793145,100.2377,2450846,87.953,,,2759200,2786520,2806620,2820241,87.7612,87.9699,100.2563,2451300
"석면해체,비계구조[대]",충남,충청남도 서산시,33756000,30687860,87.745,33437650,99.0569,29339866,86.917,,,34185800,32748400,32942500,33873900,87.7953,86.9673,99.1137,29356690
비계구조[대],충남,충청남도 서산시,43600000,39636364,87.745,43249275,99.1955,37949077,87.039,,,42585000,43379400,44283700,42749000,87.9529,87.2454,99.4306,38039000
석면해체,충남,충청남도서산교육지원청,57808000,52552727,87.745,57643300,99.715,50579114,87.495,,,57974000,58718500,56089400,57791300,87.9642,87.7136,99.9642,50705500
석면해체,"대전,충남",대전광역시교육청,6357000,42142728,87.745,46746675,100.8405,41017870,88.482,,,46649100,46952700,47211900,46173000,87.7559,88.4936,100.8532,41023000
석면해체,충남,과학기술정보통신부 우정사업본부 충청지방우정청,86731000,78846363,87.745,87342275,100.7047,76638480,88.363,,,88154300,87803900,86999900,86411000,87.7627,88.3813,100.7251,76654000
석면해체,충남,국방부계룡대근무지원단,25400000,23109090,87.745,25397032,99.9883,22284626,87.734,,,25225752,25292456,25352392,25717531,87.7635,87.7532,100.0094,22289330
석면해체,전국,한국토지주택공사 인천지역본부,87923000,79930000,87.745,87644000,99.6826,76903228,87.466,,,86857488,89025475,88208996,86483525,87.7458,87.4674,99.6836,76904000
비계구조[대],충남,수도방위사령부,72726000,66114545,87.745,72403532,99.5565,63530480,87.355,,,71805373,72029744,72726000,73053013,87.7719,87.3827,99.5871,63550000
석면해체,충남,국방부계룡대근무지원단,14100000,12908181,87.745,14195769,100.6792,12456078,88.34,,,13818000,14238085,14344991,14382000,87.7574,88.3534,100.6934,12457840
석면해체,충남,육군훈련소,435381370,395801245,86.745,438863066,100.7996,384619874,88.34,29634906.0,378745895,435381370,438559615,439554505,441956775,86.7564,88.3516,100.8121,384666748
석면해체,충남,공주대학교,140932000,128120000,87.745,141250225,100.2258,123940010,87.943,,,143277200,138368500,143716900,139638300,87.7506,87.9487,100.2322,123948000
석면해체,충남,국군재정관리단,15216666,14110000,87.745,15160698,99.6321,13302755,87.422,,,14989894,15029721,15216666,15406513,87.7466,87.4238,99.634,13303000
석면해체,충남,공 주대학교,149369000,135790000,87.745,150350775,100.6572,131925288,88.321,,,151788800,150516200,151160000,147938100,87.7651,88.342,100.6803,131955587
석면해체,충남,공군 작사예하 방포사예하 제2여단,111519600,103409090,87.745,110994124,99.5288,97391795,87.331,,,109868812,110146486,111071450,112889748,87.7457,87.3322,99.5296,97392580
석면해체,충남,공주대학교,156816000,142560000,87.745,158725300,101.2175,139273515,88.813,,,158547300,157589200,159093000,159671700,87.7512,88.8196,101.2247,139283413
석면해체,충남,충청남도,192203000,174730000,87.745,191080575,99.416,169073450,87.966,11503868.0,0,189906200,197219500,186867500,190329100,87.7596,87.9797,99.4315,169099700
석면해체,전국,제3007부대,108231000,98392364,87.745,108666813,100.4026,95349696,88.098,,,107183558,108027093,109606000,109850604,87.745,88.0983,100.4027,95349725
석면해체,충남,공주대학교,171721000,156110000,87.745,173059625,100.7795,151851168,88.429,,,171250500,173232200,174954600,172801200,87.755,88.4391,100.7911,151868595
석면해체,충남,국군재정관리단,111139215,103057003,87.745,111681636,100.488,97995052,88.173,,,108916431,111924881,112523234,113361999,87.7667,88.1951,100.513,98019380
석면해체,충남,충청남도논산계룡교육지원청,273914000,249012728,87.745,274557075,100.2347,242884499,88.671,16110919.0,0,271829600,274212600,272837600,279348500,87.7567,88.6828,100.2473,242914770
석면해체,충남,제9965부대,101250000,93895454,87.745,101590270,100.336,89140383,88.039,,,99743916,100819106,102523058,103275000,87.7458,88.0407,100.337,89141210
"석면해체,비계구조[대]",충남,충청남도 서산시,73160000,66509091,87.745,73156200,99.9948,64190908,87.74,,,71311300,73888000,72994700,74430800,87.7495,87.745,100.0,64194264
비계구조[대],"대전,충남",환경보전협회,63807000,58006364,87.745,63944375,100.2152,56470092,88.501,2954707.0,53833114,64769900,63347600,63533300,64126700,87.7468,88.5031,100.2172,56471200
"석면해체,비계구조[대]",충남,충청남도 서산시,65090000,59172728,87.745,65091050,100.0016,57114142,87.746,,,63314400,66219400,64990500,65839900,87.7893,87.7907,100.0521,57143000
석면해체,충남,공주대학교,90178000,81980000,87.745,90240050,100.0688,79181132,87.805,,,91303500,88605300,90243000,90808400,87.7467,87.8071,100.0708,79182709
석면해체,충남,한국폴리텍대학바이오캠퍼스,112357000,102142730,87.745,111839075,99.539,98133197,87.34,,,111596400,113261500,112153700,110344700,87.7637,87.3591,99.5603,98154160
석면해체,충남,제20전투비행단,24998820,23190000,87.745,25102137,100.4132,22025871,88.107,,,24628127,25106261,25241759,25432403,87.7585,88.1211,100.4287,22029260
석면해체,충남,공군 작사예하 방포사예하 제2여단,47403920,43956363,87.745,47654384,100.5283,41814340,88.208,,,47066687,47729727,47847166,47973957,87.7673,88.231,100.5539,41825000
석면해체,충남,한국철도공사 회계통합센터,33198000,30180000,87.745,33185275,99.9616,29118420,87.711,,,33481600,33369700,32818900,33070900,87.7456,87.7119,99.9623,29118629
비계구조[대],충남,충청남도 서산시,176601000,160546364,87.745,176381600,99.8757,154766035,87.635,,,175891100,176030600,181185600,172419100,87.7687,87.6597,99.9028,154808000
"석면해체,비계구조[대]",충남,충청남도 서산시,38070000,34609091,87.745,37886825,99.5188,33243795,87.322,,,38120700,37752500,36988100,38686000,88.0728,87.649,99.8906,33368000
석면해체,충남,국방부계룡대근무지원단,10550000,9593636,87.745,10507176,99.594,9219522,87.388,,,10394687,10506820,10530791,10596407,87.7481,87.3919,99.5976,9219850
"석면해체,비계구조[대]",충남,충청남도 서산시,43350000,39409091,87.745,42852950,98.8534,37601321,86.738,,,42250300,42711500,42406800,44043200,87.7529,86.7468,98.8623,37604740
비계구조[대],충남,충청남도 서산시,38270000,34790909,87.745,37894650,99.0192,33250661,86.884,,,37329800,37895400,37435400,38918000,87.8374,86.9759,99.1235,33285683
"석면해체,비계구조[대]",충남,충청남도 서산시,34059000,30962989,87.745,34198075,100.4083,30007101,88.103,,,34162200,35052900,33167000,34410200,88.0783,88.438,100.7897,30121100
석면해체,충남,국방부계룡대근무지원단,11060000,10060909,87.745,11151520,100.8274,9784902,88.471,,,10953870,11169240,11224820,11258152,87.7729,88.4992,100.8596,9788018
"석면해체,비계구조[대]",충남,충청남도 서산시,54451000,49501214,87.745,54947925,100.9126,48214057,88.545,,,54688500,55865700,55841200,53396300,88.0132,88.8164,101.221,48361440
"석면해체,비계구조[대]",충남,충청남도 서산시,27965000,25423283,87.745,27902600,99.7768,24483137,87.549,,,27782700,27984600,28248600,27594500,87.7508,87.555,99.7834,24484760
비계구조[대],충남,충청남도 서산시,34230000,31118182,87.745,34230675,100.0019,30035706,87.746,,,33590300,34988600,35121100,33222700,87.8088,87.8106,100.0747,30057570
석면해체,충남,충청남도 건설본부,39721000,36110000,87.745,40020750,100.7546,35116208,88.407,,,39460100,40695400,40167900,39759600,87.7562,88.4185,100.7676,35120726
석면해체,충남,국방부계룡대근무지원단,22100000,20091818,87.745,22116261,100.0735,19405914,87.809,,,21772300,21945922,22309278,22437544,87.7518,87.8164,100.0814,19407430
석면해체,충남,충청남도교육청 충청남도천안교육지원청,386170000,351063637,87.745,387108425,100.243,340849730,88.264,9640490.0,324770090,379415900,396419000,385903600,386695200,88.0,88.2646,100.2435,340851700
석면해체,충남,충청남도교육청 충청남도천안교육지원청 천안계광중학교,322065000,292786364,87.745,322842825,100.2415,285572342,88.669,18718112.0,303346888,328780100,312889400,320200300,329501500,91.8414,91.8414,100.2525,298030725
비계구조[대],전국,제6128부대,1455211000,1322919091,86.745,1467261045,100.828,1283776388,88.219,82993543.0,1237145674,1441428854,1469506582,1477260797,1480847948,86.7536,88.2274,100.8374,1283895500
비계구조[대],전국,제6128부대,1673539000,1521399091,86.745,1690939677,101.0397,1479959471,88.432,99236871.0,1419679366,1680404348,1685501203,1694451908,1703401252,86.7469,88.4347,101.0418,1479990000
석면해체,충남,공주대학교,174724000,158840000,87.745,173157650,99.0,151937180,86.958,,,172440400,176937800,171358900,171893500,87.7585,87.0,99.1188,151960600
석면해체,충남,충청남도교육청 충청남도논산계룡교육지원청,347990000,316354546,87.745,350860975,101.0,310385205,89.0,20581330.0,289866255,353892000,338841400,356077300,354633200,87.7677,89.0,100.8496,310460270
비계구조[대],전국,한전KPS(주) 원전사업본부 신한울1사업소,166339800,151218000,87.745,165802202,100.0,147073878,88.0,12980296.0,136456620,165798267,165076987,163772062,168561492,87.7649,88.0,99.6977,147104400
석면해체,전국,국군재정관리단,1345416660,1247568864,86.745,1359031221,101.0,1190172868,88.0,85109282.0,1193142999,1343338406,1358431813,1365163832,1369190833,86.7496,88.0,101.0169,1190232000
석면해체,충남,공주대학교,171545000,155950000,87.745,171877425,100.0,150813847,88.0,,,174759800,173884900,169659800,169205200,87.7599,88.0,100.2107,150839460
석면해체,충남,충청남도교육청 충청남도논산계룡교육지원청,210630000,191481818,87.745,208372625,99.0,184430647,88.0,13007645.0,183090921,212045500,206484900,209616900,205343200,87.7472,88.0,98.9306,184434970
석면해체,충남,충청남도교육청 충청남도천안교육지원청,311191000,282900909,87.745,313612100,101.0,277350316,89.0,17718303.0,261444456,304550200,318578700,311225300,320094200,87.7495,89.0,100.7829,277363700
석면해체,충남,충청남도교육청 충청남도천안교육지원청,359096000,326450909,87.745,356241250,99.0,315164168,88.0,21054940.0,297765322,350233600,357336500,368084200,349310700,87.7556,88.0,99.2163,315200000
석면해체,충남,충청남도교육청 충청남도논산계룡교육지원청,212618000,193289091,87.745,212646200,100.0,188145404,88.0,12721296.0,177064917,213283500,210730000,214710200,211861100,87.7838,89.0,100.0548,188223081
석면해체,충남,충청남도교육청 충청남도당진교육지원청,181395000,164904546,87.745,182286150,100.0,161260373,89.0,10717177.0,136636043,180375600,185218900,180986900,182563200,87.7503,88.9051,100.497,161269520
석면해체,충남,국방부계룡대근무지원단,21400000,19515455,87.745,21428672,100.0,18802589,88.0,,,21253545,21313443,21543881,21603822,87.7457,88.0,100.1347,18802740
석면해체,충남,충청남도교육청 충청남도논산계룡교육지원청,210630000,191481818,87.745,208372625,99.0,184430647,88.0,13007645.0,183090921,212045500,206484900,209616900,205343200,87.7472,88.0,98.9306,184434970
석면해체,충남,충청남도교육청 충청남도천안교육지원청,311191000,282900909,87.745,313612100,101.0,277350316,89.0,17718303.0,261444456,304550200,318578700,311225300,320094200,87.7495,89.0,100.7829,277363700
석면해체,충남,충청남도교육청 충청남도천안교육지원청,359096000,326450909,87.745,356241250,99.0,315164168,87.765,21054940.0,297765322,350233600,357336500,368084200,349310700,87.7556,88.0,99.2163,315200000
석면해체,충남,충청남도교육청 충청남도논산계룡교육지원청,212618000,193289091,87.745,212646200,100.0,188145404,88.0,12721296.0,177064917,213283500,210730000,214710200,211861100,87.7838,89.0,100.0548,188223081
석면해체,충남,충청남도교육청 충청남도당진교육지원청,181395000,164904546,87.745,182286150,100.0,161260373,89.0,10717177.0,136636043,180375600,185218900,180986900,182563200,87.7503,89.0,100.497,161269520
석면해체,충남,국방부계룡대근무지원단,21400000,19515455,87.745,21428672,100.0,18802589,88.0,,,21543881,21603822,21543881,21603822,88.0,88.0,100.1347,18802740
석면해체,충남,충청남도교육청 충청남도천안교육지원청,194880000,177163637,87.745,194974100,100.0,171681159,88.0,4905220.0,164300486,197653200,198491200,191647000,192105000,87.7452,88.0,100.0485,171681547
석면해체,충남,충청남도교육청 충청남도천안교육지원청,271400000,246727273,87.745,271921150,100.0,239426226,88.0,6764685.0,227602731,270694400,271809900,278985700,266194600,87.7546,88.0,100.2028,239451900
석면해체,충남,국군재정관리단,683159800,633475455,87.745,679000722,99.0,601806093,88.0,49097587.0,624680940,669496604,673119204,676564086,696822996,89.0,89.0,99.4069,608556440
석면해체,충남,충청남도교육청 충청남도천안교육지원청,189541000,172310000,87.745,188002900,99.0,166274387,88.0,10699651.0,155615135,188345000,193483500,186288500,183894600,88.0,88.0,99.249,166375150
석면해체,충남,충청남도교육청 충청남도천안교육지원청,262251000,238410000,87.745,261840650,100.0,231608382,88.315,15147313.0,220134971,267496100,255849500,269360700,254656300,88.0,88.0,99.8499,231623270
석면해체,충남,충청남도교육청 충청남도천안교육지원청,306889000,278990000,87.745,302782100,99.0,267929558,87.0,18387626.0,256375913,306088100,298391300,302294900,304354100,88.0,87.0,98.7064,268050000
석면해체,충남,충청남도교육청 충청남도서산교육지원청,455080000,413709091,87.745,458643325,101.0,405786240,89.0,27332958.0,344248039,463521800,460723000,454816100,455512400,88.0,89.0,100.8162,405919160
비계구조[대],전국,국군재정관리단,1091821760,1012416545,86.745,1096328514,100.0,959441490,88.0,63608601.0,963069541,1078346057,1096464219,1102403913,1108099867,87.0,88.0,100.415,959463500
석면해체,충남,충청남도교육청 충청남도서산교육지원청  ,455983000,414530000,87.745,462280175,101.0,409017054,90.0,27656584.0,347427048,463894400,456899600,465896100,462430600,88.0,89.7014,101.0,409023212
석면해체,충남,충청남도교육청 충청남도서산 교육지원청,349900000,318090909,87.745,347974725,99.4497,307925512,88.003,21175754.0,264728467,350466900,342041300,352440300,346950400,87.7514,88.0098,99.4566,307946499
석면해체,충남,충청남도교육청 충청남도서산 교육지원청,182670000,166063636,87.745,181523325,99.0,160633220,88.0,11061428.0,138159377,180209500,179641400,181725600,184516800,88.0,88.0,99.0,160642370
비계구조[대],충남,충청남도 서산시,97090000,88263637,87.745,95667925,99.0,84152910,87.0,1706147.0,,94681200,95064800,96677400,96248300,88.0,87.0,98.7272,84316475
석면해체,충남,충청남도서산교육청 서령중학교,223690000,203354546,87.745,224179925,100.0,198084258,89.0,11240978.0,189780290,222493300,227747800,226063400,220415200,88.0,88.5649,100.0,198110910
석면해체,충남,충청남도당진교육청 호서중학교,219970000,199972728,87.745,217048850,99.0,191806041,87.0,11069173.0,183315787,215069100,31079380,221259100,214734800,88.0,87.0,99.0,191972566
비계구조[대],충남,충청남도 서산시,193169000,175608743,87.745,194115550,100.0,171613648,89.0,10501497.0,,192270800,190559300,195720800,197911300,88.0,89.0,101.0,171827100
석면해체,충남,육군훈련소,30787000,27988181,87.745,31126374,101.0,27311837,89.0,,,31007747,31079380,31173993,31244377,87.7455,88.7127,101.1029,27312000
비계구조[대],충남,충청남도 서산시,152390000,138536364,87.745,153034250,100.4227,134669792,88.371,3181465.0,,152568300,155599400,150349500,153619800,88.2599,88.8782,100.9998,135441500
석면해체,"전국,부산",부산광역시교육청 부산광역시 북부교육지원청 ,1182500000,1075000000,87.745,1174222550,99.3,1040204172,87.966,80641329.0,997226373,1207817400,1174802000,1155870100,1158400700,87.746,87.9675,99.3011,1040216000
석면해체,충남,충청남도 건설본부,16940000,15400000,87.745,16828700,99.3429,14846223,87.64,651810.0,,16627000,16903600,16440000,17344200,87.7466,87.6416,99.3447,14846490
비계구조[대],전국,한국중부발전(주) 제주발전본부,289295600,262996000,87.745,288304935,99.6575,255286394,88.244,18875792.0,241679373,286986342,283803923,294990642,287438831,88.4474,88.8983,100.4031,257179000
비계구조[대],"전국,대전",대전광역시교육청,1667589000,1515990000,86.745,1668026775,100.0262,1460859141,87.603,105087246.0,1477585795,1673408900,1642925400,1652030400,1703742400,86.8509,87.7023,100.1406,1462514688
석면해체,전국,특수전사령부,72380000,65800000,87.745,72828075,100.619,63902995,88.288,,,72046860,72380000,73057840,3827600,87.7458,88.289,100.6199,63903590
석면해체,전국,한국농어촌공사 경북지역본부 상주지사  ,292920000,266290909,80.495,294402225,100.506,236979072,80.902,,,292773600,297712200,298385900,288737200,80.498,80.9053,100.5098,236988000
"석면해체,비계구조[대]",충남,충청남도 서산시,41180000,37436364,87.745,41178900,99.9973,36224040,87.965,747558.0,,40732800,40502200,41544500,41936100,87.8586,88.0767,100.1245,36270000
"석면해체,비계구조[대]",충남,충청남도 서산시,63060000,57327273,87.745,63164225,100.1652,55531026,88.06,877818.0,,61427400,63842600,64253100,63133800,87.7754,88.0907,100.1995,55550000
비계구조[대],충남,충청남도 부여군,543161000,493782727,87.745,547351575,100.7715,484371815,89.176,33440844.0,429738643,551770200,533161500,556913900,547560700,87.8429,89.2691,100.877,484875000
"석면해체,비계구조[대]",충남,충청남도 서산시,98573000,89612521,87.745,97314025,98.7227,85388192,86.624,,,97705600,98842200,96979100,95729200,87.8576,86.7354,98.8495,85497780
석면해체,충남,국방부계룡대근무지원단,9730000,8851818,87.745,9827199,100.9989,8622876,88.621,,,9686578,9823174,9874446,9924600,87.7767,88.6536,101.0355,8626000
석면해체,충남,육군훈련소,247688590,225171445,87.745,249506178,100.7338,221016646,89.231,17033455.0,215325900,245938325,249384348,250059678,252642361,88.0873,89.5529,101.0999,221812480
석면해체,충남,국군재정관리단,488526470,452997894,87.745,486203485,99.5244,430938517,88.211,35244949.0,437775713,478755941,482478793,487730734,495848475,87.7472,88.2139,99.5268,430948740
"석면해체,비계구조[대] ",충남,충청남도서산교육지원청 ,95908000,87189091,87.745,94900550,98.9495,83270488,86.823,,,93901700,94629600,93720400,97350500,88.0,87.0,99.0,83456700
석면해체,충남,국군재정관리단,36288230,33649091,87.745,36114687,99.5217,31688833,87.325,,,35754284,36030043,36126443,36547979,87.7613,87.3416,99.5403,31694735
"석면해체,비계구조[대]",충남,충청남도 서산시 지곡면,40440000,36736637,87.745,40519525,100.1966,35553858,87.917,,,41289300,39411700,40878400,40498700,87.7848,87.9574,100.2421,35570000
비계구조[대],전국,한전KPS(주) 신성장사업본부파주사업소,6446000,5860000,87.745,6421566,99.6209,5634604,87.412,,,6418754,6445783,6466024,6355703,87.7896,87.4568,99.6716,5637469
석면해체,충남,충청남도천안교육지원청,178167000,161970000,87.745,178190200,100.013,157681440,88.502,10840050.0,149276133,177005400,182592700,180146500,173016200,87.7857,88.5402,100.0566,157749567
석면해체,충남,국방부계룡대근무지원단,4470000,4067272,87.745,4469846,99.9965,3922067,87.741,,,4404355,4415464,4511898,4547669,87.7699,87.7668,100.0249,3923180
석면해체,충남,육군훈련소,247688590,225171445,87.745,249552103,100.7523,221056943,89.247,17033455.0,215325900,242734819,250695146,252136087,252642361,87.7679,89.2694,100.7769,221110280
석면해체,충남,국방부계룡대근무지원단,6300000,5793636,87.745,6270590,100.0,5502130,87.0,,,6174000,6240335,6291566,6376462,87.7553,87.3457,99.5449,5502780
석면해체,충남,충청남도서산교육지원청,40006000,36369091,87.745,39954650,99.8716,35058208,87.632,,,40677400,39237100,40214100,39690000,87.8488,87.7361,99.9899,35099720
석면해체,충남,충청남도교육청 복자여자고등학교 ,399025000,362750000,87.745,403601850,101.147,357470246,89.585,27170965.0,,409020600,393203300,401367300,410816200,87.7722,89.6116,101.1762,357572802
"석면해체,비계구조[대]",충남,충청남도 천안시,228261000,207510000,87.745,228117825,99.9372,201855478,88.431,13818784.0,,229596400,232591200,227083200,223200500,87.7606,88.4465,99.954,201889000
석면해체,충남,충청남도천안교육지원청,234006000,212732727,87.745,229910950,98.25,203382622,86.913,13441524.0,,233306400,227514700,230900800,227921900,87.9788,87.1297,98.4965,203888800
석면해체,충남,한국폴리텍IV홍성대학,113915000,103559091,87.745,114539875,100.5485,100503014,88.226,,,113093700,113976600,115924500,115164700,87.7532,88.2346,100.5579,100512460
비계구조[대],충남,충청남도 서산시,25260000,22963637,87.745,25147475,99.5545,22065652,87.354,,,25538200,25164100,25192400,24695200,87.8815,87.4901,99.7095,22100000
비계구조[대],충남,충청남도 서산시,35720000,32472728,87.745,35740225,100.0566,31360261,87.794,,,35021000,36727000,35527900,35685000,87.9601,88.01,100.302,31437172
비계구조[대],충남,충청남도 서산시,68960000,62690909,87.745,68974175,100.0205,60521390,87.763,,,68964200,70268200,68462800,68201500,87.818,87.836,100.1037,60571760
석면해체,충남,제32보병사단,9690020,8985290,87.745,9690170,100.0015,8502640,87.746,,,9545698,9676299,9730205,9808480,87.7456,87.7469,100.0022,8502700
비계구조[대],충남,충청남도 공주시,254464000,231330909,87.745,253806900,99.7417,224802565,88.343,17133418.0,,254306300,260082600,248705500,252133200,87.7469,88.3453,99.7437,224807095
비계구조[대],충남,육군훈련소,50364250,45785681,87.745,50215882,99.7054,44061926,87.486,,,49743374,50018097,50266862,50835198,87.7698,87.5112,99.7335,44074380
석면해체,"강원,충북,충남",한국철도공사 회계통합센터,102773000,93430000,87.745,102417200,99.6538,89865973,87.441,,,103908700,101587000,103045400,101127700,87.7514,87.4476,99.661,89872555
석면해체,충남,제32보병사단,42597058,39499090,87.745,42400619,99.5388,37204424,87.34,,,42170755,42308646,42526017,42597058,87.7692,87.3645,99.5664,37214723
석면해체,충남,공주대학교,173459000,157690000,87.745,174318975,100.4957,152956185,88.18,,,170805100,174803400,176461600,175205800,87.7484,88.1835,100.4997,152962267
비계구조[대],전국,한전KPS(주) 신성장사업본부파주사업소,7898000,7180000,87.745,7850923,99.4039,6888793,87.221,,,7769162,7859761,8032347,7742419,88.1247,87.5994,99.834,6918603
"석면해체,비계구조[대]",충남,충청남도 서산시,70870000,64427273,87.745,69689900,98.3348,61149403,86.283,,,70232200,70472500,68999100,69055800,88.2574,86.7877,98.9091,61506507
"석면해체,비계구조[대]",충남,과학기술정보통신부 우정사업본부 우정사업조달센터,70599000,65490910,87.745,71110575,101.0,62395975,88.0,,,71413800,70258100,71979300,70791100,87.7499,88.3858,100.7303,62399500
"석면해체,비계구조[대]",충남,충청남도 서산시,47770000,43427273,87.745,48194250,100.8881,42288045,88.524,,,47441900,48461800,48095800,48777500,88.141,88.9238,101.3434,42478920
"석면해체,비계구조[대]",충남,충청남도 서산시,65760000,59781819,87.745,65018425,98.8723,57050418,86.755,,,65899500,65113600,64327100,64733500,87.7843,86.7944,98.9166,57076000
"석면해체,비계구조[대]",충남,충청남도 서산시,88120000,80109091,87.745,88107300,99.9855,77309751,87.732,,,90246400,89084100,86178800,86919900,87.8826,87.8699,100.1424,77431000
석면해체,충남,국방부계룡대근무지원단,5070000,4614545,87.745,5010890,98.8341,4396806,86.722,,,4968600,4992095,5035968,5046899,87.9149,86.89,99.0255,4405323
비계구조[대],충남,충청남도 보령시,257810000,234372727,87.745,259037200,100.476,228274921,88.543,8019004.0,,264440900,257954400,251926800,261826700,87.747,88.5458,100.4783,228280110
"석면해체,비계구조[대]",충남,충청남도 서산시,44716000,40651282,87.745,44227400,98.9073,38807333,86.786,,,43743000,44083800,43663400,45419400,87.7532,86.7944,98.9166,38811000
"석면해체,비계구조[대]",충남,충청남도 서산시,48790000,44354743,87.745,48321175,99.039,42399416,86.901,,,47651300,48279700,49504300,47849400,87.9531,87.108,99.274,42500000
석면해체,충남,국방부계룡대근무지원단,6800000,6240000,87.745,6875674,101.1128,6033061,88.721,,,6831351,6846844,6903805,6920696,87.8006,88.7777,101.177,6036888
석면해체,충남,국방부계룡대근무지원단,3190000,2906363,87.745,3196301,100.1975,2804595,87.918,,,3142695,3175842,3212867,3253800,87.7576,87.931,100.212,2805000
비계구조[대],전국,한전KPS(주) 발전안전사업본부서인천사업처,229765800,208878000,87.745,229835717,100.0304,203923828,88.752,18396390.0,198932271,229732649,227350589,233901156,228358474,87.8346,88.8354,100.1244,204113480
"석면해체,비계구조[대]",충남,과학기술정보통신부 우정사업본부 우정사업조달센터,46133000,42795455,87.745,46186800,100.1166,40526608,87.847,,,45445200,46971300,46496600,45834100,87.748,87.8503,100.12,40528000
"석면해체,비계구조[대]",충남,과학기술정보통신부 우정사업본부 우정사업조달센터,79329000,73589091,87.745,79713575,100.4847,69944677,88.17,,,80814900,78395300,80326200,79317900,87.7536,88.1791,100.4947,69951600
석면해체,충남,공주대학교,125202000,113820000,87.745,125010800,99.8472,109690727,88.0,,,124537200,127053800,123304000,125148200,87.7451,87.6111,99.8474,109690930
석면해체,충남,육군훈련소,247688590,225171445,87.745,248139584,100.182,219817528,88.747,17033455.0,215325900,243898680,247244974,248772324,252642361,88.0,89.0,100.0,219819851
비계구조[대],"충북,충남,세종",한국지능정보사회진흥원,41498039,38480000,87.745,41530050,100.0,36690546,88.0,2040009.0,32063747,42242100,40971900,41528000,41378200,88.0,88.0,100.0,36695700
비계구조[대],전국,한전KPS(주) 원전사업본부 고리2사업처,180840000,164400000,87.745,179879039,99.0,159591946,88.0,14337679.0,134867833,177245432,180032118,178659287,183579317,88.0,88.0,100.0,159680730
비계구조[대],전국,한전KPS(주) 원전사업본부 고리2사업처,183436000,166760000,87.745,184039763,100.3291,163268049,89.005,14543927.0,136807899,184457165,183126000,181588209,186987676,87.8027,89.0588,100.3899,163366000
비계구조[대],충남,충청남도보령교육지원청,296372000,269429091,87.745,291436000,98.3345,257683627,86.946,16018836.0,,289908200,288307800,296502500,291025500,88.0,87.0,99.0,258227599
석면해체,충남,육군군수사령부,570937000,519033636,86.745,570954650,100.0,500840451,88.0,41990489.0,492008291,563711047,565336236,576577104,578194215,87.0,88.0,100.0,501058407
비계구조[대],전국,한국중부발전(주) 보령발전본부,3193948010,2903589100,86.745,3197488811,100.0,2811011710,88.0,281780763.0,2650921690,3201628097,3191887518,3142299265,3254140361,86.9015,88.0,100.0,2815575000
비계구조[대],전국,한전KPS(주) 발전안전사업본부태안사업처,220029700,200027000,87.745,219022884,100.0,194009577,88.0,14915926.0,"188,705,33",218136294,221823481,216312422,219819339,87.8006,88.2258,99.6011,194123060
석면해체,충남,국방부계룡대근무지원단,4150000,3777272,87.745,4164370,100.3462,3654027,88.048,,,4087446,4131952,4213349,4224735,87.7461,88.05,100.3475,3654075
석면해체,충남,국방부계룡대근무지원단,6940000,6312727,87.745,6903655,99.4762,6057613,87.285,,,6801200,6852554,6970074,6990793,87.765,87.3054,99.499,6058998
비계구조[대],전국,한전KPS(주) 발전안전사업본부서울사업소,207900000,189000000,87.745,206649728,99.3986,183013354,88.029,13778459.0,180795877,205458740,208474459,208551618,204114095,87.8719,88.1472,99.5328,183258200
비계구조[대],전국,한전KPS(주) 원전사업본부 월성1사업소,174724000,158840000,87.745,175224636,100.2865,153750857,87.996,,,177364131,172119019,173219366,178196028,87.7515,88.0029,100.294,153762311
비계구조[대],전국,한전KPS(주) 발전안전사업본부삼천포사업처,46827000,42570000,87.745,46727724,99.7879,41326496,88.253,2654053.0,38415523,46335287,46942303,46836983,46796321,87.7883,88.2943,99.8344,41345600
석면해체,충남,한국기술교육대학교,46325000,42114000,87.745,46130850,99.5808,40477515,87.377,,,45802500,45948900,45722400,47049600,87.7807,87.4128,99.6214,40494019
석면해체,충남,충청남도교육청 한일고등학교,196818000,178925455,87.745,193776725,98.4547,171538034,87.155,12310455.0,,191181200,193232000,195654900,195038800,87.7917,87.1987,98.5038,171622800
석면해체,충남,충청남도보령교육지원청,223251000,202955454,87.745,222627625,100.0,197064855,88.0,14037084.0,,218440000,225110700,229716400,217243400,88.0,88.0,100.0,197187700
석면해체,충남,충청남도교육청 서령고등학교,311935000,283577273,87.745,313631225,101.0,277578522,89.0,19443522.0,,309018500,314857900,310955600,319692900,88.0,89.0,101.0,277592550
석면해체,전국,국군재정관리단,1379758823,1279412728,86.745,1367432067,99.0,1199329515,87.0,99212132.0,1221655854,1352163647,1358555353,1366215308,1392793960,87.0,87.0,99.0,1199433000
석면해체,충남,육군인사사령부,9758823,9049090,87.745,9739585,100.0,8545999,88.0,,,9614094,9690747,9718693,9934806,88.0,88.0,100.0,8548734
석면해체,충남,충청남도교육청 충청남도부여교육지원청,183679000,166980909,87.745,182829075,100.0,161827527,88.0,11457811.0,,179270800,185664600,181963500,184417400,88.0,88.0,100.0,161848977
석면해체,전국,국군재정관리단,1247597058,1156863272,86.745,1246538450,100.0,1093480880,87.646,91822714.0,1117015645,1228614156,1242064903,1245459988,1270014755,87.0,88.0,100.0,1093803700
석면해체,충남,충청남도아산교육지원청,192992000,175447272,87.745,194979850,101.0,172542507,89.403,11892594.0,,191681600,197073800,197239800,193924200,88.0,89.0,101.0,172698400
석면해체,충남,충청남도아산교육지원청,186447000,169497272,87.745,189969500,102.0,168189877,90.0,12249196.0,,187535900,190761400,191492300,190088400,88.0,90.0,102.0,168243000
석면해체,충남,충청남도보령교육지원청,267300000,243000000,87.745,267441725,100.0,236731320,89.0,16846818.0,,269443800,271405800,267591400,261325900,88.0,89.0,100.0,236862140
석면해체,충남,국군제1068부대,13633000,12394105,87.745,13762827,100.9522,12076193,88.58,,,13469229,13799663,13876758,13905660,87.8017,88.6378,101.0175,12084000
석면해체,충남,충청남도교육청 천안상업고등학교,340589000,309626364,87.745,338815425,99.0,300191861,88.0,23649659.0,,338330900,331256900,341597200,344076700,88.0,88.0,100.0,300350000
석면해체,충남,충청남도교육청 논산대건고등학교,258388000,234899673,87.745,259720050,101.0,228735014,89.0,6884178.0,,264827100,253556200,265157800,255339100,88.0,89.0,101.0,228742000
석면해체,충남,충청남도천안교육지원청,404437000,367670000,87.745,407952625,101.0,361075823,89.278,25440975.0,,405836400,409872700,407211500,408889900,88.0,89.0,101.0,361454800
석면해체,충남,충청남도논산교육청 기민중학교,205643000,186948180,87.745,203767575,99.0,179222375,87.0,3480343.0,,204425600,203658600,199630000,207356100,88.0,87.0,99.0,179306697
석면해체,충남,충청남도교육청 한일고등학교,196170000,178336364,87.745,194108275,99.0,170978749,87.0,5372845.0,,193313800,196715400,190720400,195683500,88.0,87.0,99.0,171035533
석면해체,충남,충청남도서산교육지원청,519934000,472667273,87.745,519375125,100.0,459737305,88.0,32734403.0,,505443500,525965300,515473000,530618700,88.0,88.0,100.0,460000000
석면해체,충남,충청남도천안교육지원청,359685000,326986364,87.745,354063150,98.0,313436186,87.0,22549769.0,,351178500,358688700,349315300,357070100,88.0,87.0,98.7661,314475000
석면해체,충남,충청남도천안교육지원청,351102000,319183637,87.745,48609225,99.0,308584965,88.0,22013874.0,,352924300,342686100,351888500,346938000,88.0,88.0,99.0,308615422
석면해체,충남,충청남도서산교육지원청,299446000,272223637,87.745,297909150,99.0,263678698,88.0,18590895.0,,296364800,294906400,299377200,300988200,88.0,88.0,99.0,263707110
석면해체,충남,충청남도천안교육지원청,359613000,326920900,87.745,357718800,99.4732,316621961,88.0,22371275.0,,354585700,49669800,368024400,358595300,88.0,88.0,99.0,316675208
석면해체,충남,충청남도논산계룡교육지원청,309274000,281158182,87.745,308548025,99.7652,273060620,88.29,18973109.0,,311330700,307183400,314788400,300889600,87.7458,88.2916,99.7661,273063000
석면해체,충남,충청남도천안교육지원청,264433000,240393636,87.745,260852625,98.646,230919932,87.326,16603801.0,,258538800,261180500,265757900,257933300,87.7551,87.3358,99.0,230944800
석면해체,충남,충청남도천안교육지원청,288860000,262600000,87.745,286517375,99.189,253574968,87.784,17709477.0,,284680200,284221000,291220000,285948300,87.7669,87.8051,99.2123,253633998
석면해체,충남,충청남도서산교육지원청,422712000,384283637,87.745,423675825,100.228,374966584,88.704,26211594.0,,434602900,425159600,422065300,412875500,87.7633,88.7222,100.2476,375039600
석면해체,충남,충청남도아산교육지원청,204629000,186026364,87.745,207562900,101.4337,183679989,89.762,12679898.0,,209313000,206073700,210630800,204234100,87.7773,89.7932,101.4689,183743073
석면해체,충남,충청남도아산교육지원청,288569000,262335455,87.745,287375075,99.5862,254342346,88.139,17830162.0,,284399200,282806300,294401000,287893800,87.7752,88.1674,99.6185,254424000
석면해체,충남,충청남도아산교육지원청,290430000,264027273,87.745,293324175,100.9965,259543001,89.365,17671998.0,,295416700,289439700,290554900,297885400,87.757,89.3765,101.0096,259576350
석면해체,충남,충청남도,406453000,369502728,87.745,407022075,100.14,358349028,88.164,9853181.0,,410054200,400226200,416866400,400941500,87.7602,88.1798,100.157,358409700
석면해체,충남,충청남도논산계룡교육지원청,394189000,358353637,87.745,396508825,100.5885,350874745,89.011,24137706.0,,391035500,402183200,395064100,397752500,87.7762,89.0412,100.6221,350991000
석면해체,충남,충청남도공주교육지원청,335670000,305154545,87.745,337971075,100.6855,299148198,89.119,21178930.0,,336197100,332451000,339150900,344085300,87.7785,89.1513,100.7216,299254475
석면해체,충남,충청남도천안교육지원청,246832000,224392727,87.745,246206925,99.7467,217954136,88.3,15666010.0,,242250800,241697900,251331800,249547200,87.7557,88.3106,99.7582,217979000
석면해체,충남,충청남도보령교육지원청,469650000,426954546,87.745,464861975,98.9805,411526255,87.624,29645977.0,,456067800,457481400,480203100,465695600,87.8107,87.6849,99.0499,411812199
석면해체,충남,충청남도서산교육청 팔봉중학교,161634000,146940000,87.745,160033050,99.0,141663377,88.0,10137716.0,,162430900,158839400,157040400,161821500,87.7845,87.6812,99.0,141722640
석면해체,충남,충청남도논산계룡교육지원청,190672000,173338182,87.745,190038525,99.6677,168192552,88.21,11776808.0,,188954100,187489700,194123200,189587100,87.747,88.2122,99.6699,168196121
석면해체,충남,충청남도서산교육청 대산중학교,198836000,180760000,87.745,198415500,99.7885,175690159,88.359,12978194.0,,200442600,200844300,198064600,194310500,87.7677,88.3805,99.8126,175732300
석면해체,충남,충청남도논산계룡교육지원청,201391000,183082727,87.745,200360400,99.4882,177341417,88.058,12526995.0,,202414100,199767800,197393400,201866300,87.7516,88.0644,99.4953,177353890
석면해체,충남,충청남도천안교육지원청,489395000,444905000,87.745,488577750,99.833,432415001,88.357,30293382.0,,491856700,486116100,480042700,496295500,87.7478,88.3596,99.836,432427850
석면해체,충남,충청남도천안교육지원청,183644000,166949800,87.745,184021425,100.2055,162864999,88.685,11386369.0,,182356700,183309800,185948800,184470400,87.7513,88.6911,100.2123,162876030
석면해체,충남,충청남도천안교육지원청,476692000,433356400,87.745,473493450,99.329,418995111,87.896,28790560.0,,469441600,463139700,477502400,483890100,87.7553,87.906,99.3399,419041000
석면해체,충남,국방부계룡대근무지원단,3610000,3284545,87.745,3601734,99.771,3160342,87.544,,,3564925,3574019,3585793,3682200,87.7619,87.5609,99.7902,3160952
석면해체,충남,충청남도당진교육지원청,200640000,182400000,87.745,201721500,100.539,178510712,88.97,12322983.0,,203960600,202690600,202020500,198214300,87.7508,88.9761,100.5452,178521740
석면해체,충남,충청남도 건설본부,41667000,37879090,87.745,41264975,99.0351,36207953,86.898,,,40542900,41830800,40643300,42042900,87.7654,86.9186,99.0582,36216400
석면해체,충남,국방부계룡대근무지원단,16290000,14816363,87.745,16343806,100.3303,14340873,88.034,,,16134491,16175889,16485581,16579264,87.7454,88.0352,100.3308,14340950
석면해체,충남,한국농어촌공사 충남지역본부논산지사,25700000,23363636,87.745,25809575,100.4263,22646612,88.119,,,26153100,25326600,26067800,25690800,87.747,88.1211,100.4286,22647130
석면해체,전국,한국남동발전(주) 영흥발전본,163924200,149022000,87.745,164325985,100.2451,144187836,87.96,,,162587423,163721846,166847544,164147125,88.1175,88.3335,100.6707,144800000
석면해체,충남,대전광역시교육청,9240000,8400000,87.745,9221650,99.8014,8091537,87.57,,,9460100,9218700,9026600,9181200,87.7489,87.5746,99.8058,8091900
석면해체,충남,충청남도 서산시,89480000,81346582,87.745,90156500,100.756,79107821,88.408,,,87937400,91338500,90518000,90832100,87.8311,88.4951,100.8549,79185500
석면해체,충남,국방부계룡대근무지원단,4050000,3690909,87.745,4081416,100.7757,3581239,88.425,,,4032901,4050000,4111763,4131000,87.7781,88.459,100.8137,3582590
석면해체,충남,국방부계룡대근무지원단,15040000,13680000,87.745,15149343,100.727,13292792,88.382,,,14934320,15011066,15311186,15340800,87.7744,88.4125,100.7608,13297250
석면해체,전국,국군재정관리단,2339991176,2169810000,86.745,2345320588,100.2277,2057127011,87.911,171095179.0,2101014133,2317764771,2336735409,2339991176,2386790999,87.0752,88.2186,100.2581,2064308115
석면해체,전국,국군재정관리단,2717817647,2520158181,86.745,2716937207,99.9676,2381901707,87.64,189321207.0,2419391035,2683447549,2705876707,2712456823,2765967750,86.7458,86.7458,99.9684,2381922800
석면해체,충남,국군재정관리단,109850000,101860911,87.745,108574725,98.839,95268893,86.726,,,107653000,108191485,108753527,109700888,87.816,86.7965,98.919,95346000
석면해체,충남,국방부계룡대근무지원단,8710000,7930000,87.745,8645542,99.2599,7586031,87.095,,,8535800,8579851,8627753,8838765,87.7538,87.1044,99.27,7586800
석면해체,충남,충청남도서산교육청 서령중학교,33381000,30346363,87.745,33710850,100.9881,29579586,88.612,,,32819200,34369800,33569700,34084700,89.4814,90.3656,102.9867,30164974
석면해체,충남,공주대학교,44946000,40860000,87.745,45206100,100.5786,39666093,88.252,,,45308800,44134800,45771300,45609500,87.7482,88.256,100.5824,39667554
석면해체,충남,대전지방조달청,75143000,69930000,87.745,75189650,100.062,65975159,87.799,,,76065800,74567500,75744200,74381100,87.7627,87.8172,100.0823,65988490
석면해체,충남,공주대학교,48356000,43960000,88.0,48314575,99.9143,42393624,87.669,,,47498700,48795100,49058200,47906300,87.7477,87.6725,99.9174,42394930
석면해체,충남,국방부계룡대근무지원단,13150000,12198181,87.745,13223903,100.562,11603314,88.238,,,13089991,13209834,13244365,13351422,87.7653,88.2585,100.5852,11606000
석면해체,충남,국군재정관리단,12635294,11716999,87.745,12555345,99.3672,11016688,87.189,,,12382589,12478028,12635294,12725472,87.7703,87.2149,99.3959,11019870
석면해체,충남,공군방공관제사령부,72008730,67426363,87.745,72149132,100.1949,63307256,87.916,,,71311682,71872451,72302474,73109922,87.7458,87.9168,100.1959,63307840
석면해체,충남,공군방공관제사령부,75760190,70939090,87.745,76118723,100.4732,66790374,88.16,,,75017946,76293655,76475710,76687584,87.7523,88.1676,100.4817,66796000
석면해체,충남,충청남도보령교육지원청,263890000,239900000,87.745,258560800,97.9805,228897748,86.739,16512229.0,,258992300,257620000,260773500,256857400,87.9632,86.94,98.2086,229426000
석면해체,충남,육군훈련소,210294840,191177127,87.745,208129805,98.9704,184445054,87.707,14863777.0,180582014,206088944,207197454,209198267,210034556,87.763,87.7244,98.9894,184480000
석면해체,전국,국군재정관리단,140874000,128067362,87.745,139607002,99.1006,123677837,87.793,9626048.0,123018269,138791071,139363543,139956759,140316637,87.7453,87.7935,99.1009,123678300
석면해체,전국,국군재정관리단,108660000,98782365,87.745,107457751,98.8935,95195999,87.609,7402650.0,94603852,106905264,107059818,107205925,108660000,87.7461,87.6101,98.8947,95197170
석면해체,전국,국군재정관리단,72781088,66637161,87.745,72940703,100.2193,64516402,88.644,4198949.0,62944147,72656354,72905397,73035659,73165405,87.7531,88.6521,100.228,64522000
석면해체,충남,육군훈련소,33601200,30546545,87.745,33276251,99.0329,29198247,86.896,,,32929176,33194102,33380526,33601200,87.7508,86.9021,99.0394,29200180
석면해체,충남,충청남도 건설본부,52755000,47959091,87.745,52615775,99.736,46167712,87.513,,,52095100,52446400,51770100,54151500,87.7452,87.5136,99.7363,46167850
석면해체,"전국,경남",제7001부대,54349000,49408181,87.745,53713731,98.8311,47131114,86.719,,,53406562,53471873,53916740,54059751,87.8348,86.8082,98.9323,47179400
석면해체,충남,국군재정관리단,15109000,13736273,87.745,15027596,99.4612,13185965,87.272,,,14957910,15030513,15051026,15070935,87.7585,87.2857,99.4765,13188000
석면해체,충남,충청남도 서산시,57930000,52663881,87.745,58652550,101.2472,51464680,88.839,,,58893400,58579400,59226500,57910900,87.7503,88.8448,101.2534,51467840
석면해체,충남,충청남도 서산시,47430000,43125912,87.745,47146425,99.4021,41368631,87.22,,,48509600,47773900,46218200,46084000,87.8911,87.3657,99.5677,41437552
석면해체,충남,충청남도 서산시,69750000,63409408,87.745,69560700,99.7286,61036037,87.506,,,68686400,68738700,69181600,71636100,88.0328,87.7939,100.0557,61236260
석면해체,충남,충청남도 서산시,53850000,48954799,87.745,53813975,99.9331,47219073,87.686,,,52532900,54702000,54926500,53094500,87.9022,87.8434,100.1122,47303698
석면해체,충남,국군재정관리단,21240360,19377273,87.745,21203828,99.828,18605299,87.594,,,21059817,21176501,21274913,21304081,87.7504,87.5995,99.8342,18606460
석면해체,충남,육군군수사령부,93539215,86736363,87.745,93714183,100.187,82229510,87.909,,,91668431,93539215,94714888,94934200,87.746,87.9101,100.1881,82230450
석면해체,충남,국방부계룡대근무지원단,15160000,13782727,87.745,14985481,98.8488,13149011,86.734,,,14856800,14997010,15008400,15079717,87.7519,86.7417,98.8565,13150045
석면해체,충남,국방부계룡대근무지원단,25462000,23147272,87.745,25318375,99.4359,22215609,87.25,,,25017660,25363158,25430682,25462000,87.753,87.258,99.445,22217636
석면해체,충남,공주대학교,35926000,32660000,87.745,35703575,99.3808,31328102,87.201,,,35273600,35314200,36291800,35934700,87.7477,87.2045,99.384,31329100
석면해체,충남,과학기술정보통신부 우정사업본부 충청지방우정청,31288000,28443637,87.745,31395450,100.3434,27547938,88.046,,,31904100,30968300,31686700,31022700,87.7465,88.0478,100.3451,27548420
석면해체,충남,충청남도 서산시,74820000,68018182,87.745,73507525,98.2458,64499178,86.205,,,72605400,73242100,74231200,73951400,88.3761,86.8258,98.9525,64963120
석면해체,충남,충청남도 서산시,67720000,61563637,87.745,68385400,100.9825,60004770,88.607,,,66152300,69379200,69637900,68372200,88.0664,88.9317,101.3525,60224600
석면해체,전국,국군재정관리단,1162681000,1056983017,77.995,1153334399,99.1961,899543165,77.368,,,1147027861,1150213966,1153414770,1162681000,95.3756,94.6089,121.3012,1100000000
석면해체,전국,국군재정관리단,1793437000,1630397635,77.995,1781563402,99.3379,1389530376,77.478,,,1771859409,1781592548,1784042909,1788758744,78.5826,78.0624,100.0864,1400000000
석면해체,"전국,대전",국방기술품질원,66710000,60645460,87.745,66714725,100.007,58538836,87.751,,,66714100,67762700,66304500,66077600,87.7592,87.7654,100.0232,58548320
석면해체,충남,공주대학교,166397000,151270000,87.745,165100800,99.221,144867697,87.061,,,163353600,166590100,166716500,163743000,87.7575,87.0739,99.2351,144888400
석면해체,충남,국방부계룡대근무지원단,4590000,4264545,87.745,4577408,99.7256,4016447,87.504,,,4498200,4570951,4581217,4659265,87.7533,87.5126,99.7351,4016830
석면해체,충남,국방부계룡대근무지원단,13080000,12134545,87.745,13072115,99.9397,11470128,87.692,,,12818400,13019536,13208386,13242139,87.7649,87.712,99.9623,11472730
석면해체,충남,공주대학교,285494000,259540000,87.745,286491150,100.3492,253258462,88.708,15314583.0,215690625,288880000,284320700,283047400,289716500,87.7498,88.7134,100.3545,253271560
석면해체,충남,충청남도 충남도립대학교,64226000,58387272,87.745,64074150,99.7635,56668490,88.232,3644445.0,,64788000,65298000,63326900,62883700,87.7465,88.2344,99.7652,56669440
비계구조[대],전국,한국전력공사 전력연구원,107836000,98033545,87.745,107658472,99.8353,94953243,88.053,3984632.0,75231162,108147051,106334069,106888742,109264023,87.7458,88.0541,99.8362,94954073
비계구조[대],전국,국군재정관리단,2640294110,2448272728,86.745,2633964308,99.7602,2304805335,87.293,150682728.0,2356188890,2587488228,2621673397,2640294110,2686401499,86.7483,87.2966,99.7638,2304888600
석면해체,충남,제32보병사단,17415686,16149091,87.745,17469395,100.3083,15328521,88.015,,,17196335,17415686,17586458,17679101,87.7455,88.0161,100.3089,15328610
석면해체,충남,국군재정관리단,301942150,279982731,87.745,301847437,99.9686,267571883,88.616,22161150.0,266563470,299020975,299723095,300664688,307980993,87.7673,88.6376,99.9921,267634323
석면해체,충남,국방부계룡대근무지원단,7530390,6982727,87.745,7601566,100.9451,6669995,88.574,,,7496764,7582582,7645921,7680997,87.7676,88.5971,100.9712,6671714
비계구조[대],충남,제2작전사령부,609715686,565372727,87.745,604783904,99.1911,534827132,87.717,33941205.0,530832380,597521373,600762315,605296359,615555570,87.7742,87.7448,99.2223,534993990
비계구조[대],충남,충청남도 서산시,101070000,91881819,87.745,100997800,99.9285,88986648,88.044,2987576.0,,101901900,99117400,103742300,99229600,87.8186,88.1159,100.0099,89058800
비계구조[대],충남,충청남도 서산시,54930000,49275886,87.745,54857975,99.8688,48202233,87.752,547547.0,,54831200,55117900,56052300,53430500,87.8305,87.8367,99.9652,48248700
비계구조[대],충남,충청남도 홍성군,413480000,375890909,87.745,413143075,99.9185,365100617,88.299,21119751.0,352506295,422659300,409630600,413174100,407108300,87.7637,88.3172,99.9387,365174210
